0.0,0.0
1.001001001001001e-06,0.4847501104548617
2.002002002002002e-06,-0.30724552671230737
3.0030030030030026e-06,-0.3091116039246467
4.004004004004004e-06,0.5148534757233463
5.005005005005005e-06,-0.0051892119000294555
6.006006006006005e-06,-0.5306553649049857
7.007007007007006e-06,0.3411408105101423
8.008008008008007e-06,0.33384006124139326
9.009009009009008e-06,-0.5642245146434316
1.001001001001001e-05,0.011322271489775961
1.101101101101101e-05,0.5762114194991145
1.201201201201201e-05,-0.375762330175442
1.3013013013013012e-05,-0.3577665177143335
1.4014014014014013e-05,0.6138218631395524
1.5015015015015015e-05,-0.018398506831816343
1.6016016016016015e-05,-0.6214057916883963
1.7017017017017017e-05,0.41110163923075843
1.8018018018018016e-05,0.3808837509314289
1.9019019019019018e-05,-0.6636325759913843
2.002002002002002e-05,0.02641707800676515
2.1021021021021018e-05,0.6662260587415723
2.202202202202202e-05,-0.44715016045016254
2.3023023023023022e-05,-0.40318467969425936
2.402402402402402e-05,0.7136436651356779
2.5025025025025023e-05,-0.03537697720675678
2.6026026026026025e-05,-0.7106598595983001
2.7027027027027027e-05,0.4838991871061026
2.8028028028028025e-05,0.42466236509541505
2.9029029029029027e-05,-0.7638421015836565
3.003003003003003e-05,0.04527702885129162
3.103103103103103e-05,0.7546948967144665
3.203203203203203e-05,-0.5213398842337029
3.303303303303303e-05,-0.4453100115769933
3.4034034034034034e-05,0.8142148173440897
3.503503503503503e-05,-0.05611588972552754
3.603603603603603e-05,-0.7983189378992508
3.7037037037037037e-05,0.5594632899123512
3.8038038038038035e-05,0.4651209679701236
3.9039039039039034e-05,-0.8647487073518499
4.004004004004004e-05,0.06789204914100025
4.104104104104104e-05,0.8415198181437068
4.2042042042042036e-05,-0.5982603165643865
4.304304304304304e-05,-0.4840887285153928
4.404404404404404e-05,0.915430631401665
4.504504504504504e-05,-0.0806038291186049
4.6046046046046044e-05,-0.8842854414406632
4.704704704704704e-05,0.6377217522707443
4.804804804804804e-05,0.5022069338639493
4.904904904904905e-05,-0.9662474160868657
5.0050050050050046e-05,0.09424938459404832
5.105105105105105e-05,0.9266037825956707
5.205205205205205e-05,-0.6778382621034235
5.305305305305305e-05,-0.5194693720592366
5.4054054054054054e-05,1.0171858567428624
5.505505505505505e-05,-0.10882670364557427
5.605605605605605e-05,-0.9684628890288095
5.7057057057057056e-05,0.7186003894745681
5.8058058058058055e-05,0.535869979499305
5.905905905905905e-05,-1.0682327193951184
6.006006006006006e-05,0.12433360774400505
6.106106106106105e-05,1.009850882567087
6.206206206206206e-05,-0.7599985575020206
6.306306306306306e-05,-0.5514028418793853
6.406406406406406e-05,1.11937474271139
6.506506506506506e-05,-0.14076775202504294
6.606606606606606e-05,-1.0507559612272588
6.706706706706707e-05,0.8020230703911744
6.806806806806807e-05,0.5660621951147845
6.906906906906907e-05,-1.170598639957943
7.007007007007007e-05,0.15812662558388046
7.107107107107106e-05,1.0911664009888267
7.207207207207206e-05,-0.8446641148329411
7.307307307307307e-05,-0.5798424262438318
7.407407407407407e-05,1.2218911009595868
7.507507507507507e-05,-0.17640755179194587
7.607607607607607e-05,-1.1310705575569033
7.707707707707707e-05,0.8879117614177403
7.807807807807807e-05,0.5927380743109857
7.907907907907908e-05,-1.273238794063183
8.008008008008008e-05,0.19560768863581515
8.108108108108108e-05,1.1704568681149758
8.208208208208208e-05,-0.9317559660651441
8.308308308308307e-05,-0.6047438312297083
8.408408408408407e-05,1.3246283681044693
8.508508508508508e-05,-0.2157240290783843
8.608608608608608e-05,-1.2093138530669443
8.708708708708708e-05,0.9761865714692541
8.808808808808808e-05,0.6158545426251997
8.908908908908908e-05,-1.3760464543779043
9.009009009009008e-05,0.2367534014418414
9.109109109109109e-05,1.247630117768639
9.209209209209209e-05,-1.021193308559447
9.309309309309309e-05,-0.6260652086568117
9.409409409409409e-05,1.4274796686093039
9.509509509509508e-05,-0.2586924698132731
9.609609609609608e-05,-1.2853943542483435
9.70970970970971e-05,1.0667657979763796
9.80980980980981e-05,0.6353709848200398
9.909909909909909e-05,-1.4789146129310262
0.00010010010010010009,0.28116222565594795
0.00010110110110110109,1.3033193591173797
0.0001021021021021021,-1.082132426741973
0.0001031031031031031,-0.6176713570796567
0.0001041041041041041,1.448825889561646
0.0001051051051051051,-0.28518929206654975
0.0001061061061061061,-1.2528897462336186
0.0001071071071071071,1.054654621026166
0.00010810810810810811,0.5844544738597216
0.0001091091091091091,-1.4006250281952837
0.0001101101101101101,0.2882650967946181
0.0001111111111111111,1.2028130608117327
0.0001121121121121121,-1.0264457739852613
0.0001131131131131131,-0.5520460920889686
0.00011411411411411411,1.3521972509496851
0.00011511511511511511,-0.2903911608148104
0.00011611611611611611,-1.1531014963650967
0.00011711711711711711,0.9975150002231964
0.0001181181181181181,0.52045272760002
0.0001191191191191191,-1.303555729325451
0.00012012012012012012,0.29156917187911907
0.00012112112112112112,1.1037671718845765
0.0001221221221221221,-0.9678715347210587
0.00012312312312312313,-0.4896807467733475
0.00012412412412412413,1.2547136621596302
0.00012512512512512512,-0.2918009841995969
0.00012612612612612612,-1.0548221300750553
0.00012712712712712712,0.9375247314224588
0.00012812812812812812,0.45973636565430165
0.00012912912912912912,-1.2056842736615176
0.00013013013013013012,0.2910886181089291
0.00013113113113113112,1.0062783356025735
0.00013213213213213211,-0.9064840618030284
0.0001331331331331331,-0.43062564909010964
0.00013413413413413414,1.1564808114455998
0.00013513513513513514,-0.2894342596991278
0.00013613613613613614,-0.9581476733521814
0.00013713713713713713,0.8747591134251465
0.00013813813813813813,0.4023545098877049
0.00013913913913913913,-1.1071165445617344
0.00014014014014014013,0.2868402604376441
0.00014114114114114113,0.9104419466970157
0.00014214214214214213,-0.8423595884769075
0.00014314314314314313,-0.3749287079918602
0.00014414414414414412,1.0576047615229727
0.00014514514514514512,-0.2833091367624974
0.00014614614614614615,-0.8631728757783289
0.00014714714714714715,0.8092953022965816
0.00014814814814814815,0.3483538496835921
0.00014914914914914914,-1.0079587683311169
0.00015015015015015014,0.2788435696542014
0.00015115115115115114,0.8163520957973287
0.00015215215215215214,-0.7755761818818747
0.00015315315315315314,-0.32263538679975146
0.00015415415415415414,0.9581918865003973
0.00015515515515515514,-0.27344640418709676
0.00015615615615615614,-0.7699911553182279
0.00015715715715715713,0.7412122643848779
0.00015815815815815816,0.29777861597291666
0.00015915915915915916,-0.9083174510794034
0.00016016016016016016,0.2671206490578029
0.00016116116116116116,0.7241015145836401
0.00016216216216216215,-0.7062136955925815
0.00016316316316316315,-0.27378867789214717
0.00016416416416416415,0.8583488086715966
0.00016516516516516515,-0.25986947609282685
0.00016616616616616615,-0.6786945438417267
0.00016716716716716715,0.6705907283928445
0.00016816816816816815,0.25067055658515736
0.00016916916916916917,-0.8082993154545937
0.00017017017017017017,0.25169621973370593
0.00017117117117117117,0.6337815216856483
0.00017217217217217217,-0.6343537212267962
0.00017317317317317317,-0.22842907872077842
0.00017417417417417416,0.7581823351985111
0.00017517517517517516,-0.24260437650105807
0.00017617617617617616,-0.5893736334057891
0.00017717717717717716,0.5975131365269228
0.00017817817817817816,0.2070689129332733
0.00017917917917917916,-0.7080112372835844
0.00018018018018018016,0.23259760443699531
0.00018118118118118118,0.5454819693542581
0.00018218218218218218,-0.5600795391419444
0.00018318318318318318,-0.1865945691671311
0.00018418418418418418,0.6577993947173306
0.00018518518518518518,-0.22167972252589002
0.00018618618618618617,-0.5021175233227175
0.00018718718718718717,0.5220635947478383
0.00018818818818818817,0.1670103980437949
0.00018918918918918917,-0.6075601821514965
0.00019019019019019017,0.2098547100937432
0.00019119119119119117,0.4592911909329249
0.00019219219219219217,-0.48347606824596684
0.0001931931931931932,-0.14832059024910688
0.0001941941941941942,0.5573069738990235
0.0001951951951951952,-0.1971267061865666
0.0001961961961961962,-0.4170137680408306
0.00019719719719719719,0.44432782214791966
0.00019819819819819818,0.1305291759427562
0.00019919919919919918,-0.5070531419513117
0.00020020020020020018,0.1849753858832082
0.00020120120120120118,0.39377205742019566
0.00020220220220220218,-0.4419150753824968
0.00020320320320320318,-0.12919716118993405
0.0002042042042042042,0.5406857425985199
0.0002052052052052052,-0.2082501894524288
0.0002062062062062062,-0.42885550850812354
0.0002072072072072072,0.4871360382528363
0.0002082082082082082,0.13601785355677987
0.0002092092092092092,-0.5901893687216085
0.0002102102102102102,0.2323810407764507
0.0002112112112112112,0.4632903667177838
0.0002122122122122122,-0.5328087746223239
0.0002132132132132132,-0.14190823278744194
0.0002142142142142142,0.639564818632721
0.0002152152152152152,-0.2573623924336612
0.00021621621621621621,-0.49706679672140025
0.0002172172172172172,0.5789216110722626
0.0002182182182182182,0.14686573365143993
0.0002192192192192192,-0.6887988206495099
0.0002202202202202202,0.2831885437662632
0.0002212212212212212,0.5301750767263506
0.0002222222222222222,-0.6254627916220816
0.0002232232232232232,-0.15088795585353565
0.0002242242242242242,0.7378781232019955
0.0002252252252252252,-0.30985364169702234
0.0002262262262262262,-0.562605599937993
0.00022722722722722723,0.672420479456851
0.00022822822822822822,0.15397266442144097
0.00022922922922922922,-0.786789496801404
0.00023023023023023022,0.33735168156682704
0.00023123123123123122,0.5943488760075338
0.00023223223223223222,-0.7197827586654765
0.00023323323323323322,-0.1561177900721105
0.00023423423423423422,0.8355197360063557
0.00023523523523523521,-0.36567650799202667
0.0002362362362362362,-0.6253955324645778
0.0002372372372372372,0.7675376359899841
0.0002382382382382382,0.15732142955536568
0.00023923923923923924,-0.8840556613860359
0.00024024024024024023,0.3948218157426283
0.00024124124124124123,0.6557363161338204
0.00024224224224224223,-0.8156730425851622
0.00024324324324324323,-0.157581845975808
0.0002442442442442442,0.932384121480257
0.00024524524524524523,-0.42478115063995314
0.00024624624624624625,-0.6853620945364618
0.0002472472472472472,0.8641768357885282
0.00024824824824824825,0.1568974690925743
0.0002492492492492492,-0.9804919947559521
0.00025025025025025025,0.45554791047500853
0.0002512512512512512,0.7142638572754603
0.00025225225225225225,-0.9130368009006742
0.0002532532532532532,-0.15526689559675935
0.00025425425425425424,1.0283661915601525
0.0002552552552552552,-0.48711534594597145
0.00025625625625625624,-0.7424327174044761
0.00025725725725725727,0.9622406529751681
0.00025825825825825824,0.15268888936622516
0.00025925925925925926,-1.0759936560688945
0.00026026026026026023,0.5194765616164969
0.00026126126126126126,0.7698599127813354
0.00026226226226226223,-1.0117760386183583
0.00026326326326326326,-0.14916238169923468
0.00026426426426426423,1.1233613682320465
0.00026526526526526525,-0.5526245168924215
0.0002662662662662662,-0.7965368074043977
0.00026726726726726725,1.0616305377987878
0.0002682682682682683,0.1446864715246648
0.00026926926926926925,-1.1704563457135924
0.0002702702702702703,0.5865520270190963
0.00027127127127127125,0.8224548927322598
0.00027227227227227227,-1.1117916656652935
0.00027327327327327324,-0.1392604255906578
0.00027427427427427427,1.2172656458275046
0.00027527527527527524,-0.6212517640974536
0.00027627627627627627,-0.8476057889876234
0.00027727727727727724,1.1622468743747425
0.00027827827827827826,0.13288367862977646
0.00027927927927927923,-1.2637763674684188
0.00028028028028028026,0.656716258120401
0.0002812812812812813,0.8719812464430674
0.00028228228228228226,-1.2129835549282941
0.0002832832832832833,-0.12555583350383512
0.00028428428428428425,1.3099756530374638
0.0002852852852852853,-0.6929378980265635
0.00028628628628628625,-0.8955731466908403
0.0002872872872872873,1.2639890390159676
0.00028828828828828825,0.117276661324299
0.0002892892892892893,-1.3558506903623735
0.00029029029029029025,0.729908932774894
0.00029129129129129127,0.9183735038942402
0.0002922922922922923,-1.3152506008699794
0.00029329329329329327,-0.10804610155143905
0.0002942942942942943,1.4013887146123856
0.00029529529529529527,-0.7676214724371625
0.0002962962962962963,-0.9403744660229952
0.00029729729729729726,1.366755459125921
0.0002982982982982983,0.09786426207004949
0.00029929929929929926,-1.4465770102069395
0.0003003003003003003,0.8028464404017733
0.00030130130130130126,0.9450279414633584
0.0003023023023023023,-1.37560508968764
0.0003033033033033033,-0.08299372830725013
0.0003043043043043043,1.40819781995569
0.0003053053053053053,-0.7874912748497055
0.0003063063063063063,-0.9027125186365582
0.0003073073073073073,1.3338322973763563
0.0003083083083083083,0.06681269010834595
0.0003093093093093093,-1.3563572296798159
0.0003103103103103103,0.7712737772629201
0.0003113113113113113,0.8610514903457764
0.00031231231231231227,-1.2916052766723223
0.0003133133133133133,-0.051569006459253226
0.00031431431431431427,1.3046467828228263
0.0003153153153153153,-0.7542002750231415
0.0003163163163163163,-0.82005412874195
0.0003173173173173173,1.2489361287080534
0.0003183183183183183,0.03726441222067746
0.0003193193193193193,-1.2530796596226665
0.0003203203203203203,0.7362772417773668
0.0003213213213213213,0.7797295810178565
0.0003223223223223223,-1.205837023086336
0.0003233233233233233,-0.02390047467949467
0.0003243243243243243,1.2016690044696012
0.0003253253253253253,-0.7175112964212508
0.0003263263263263263,-0.7400868681041104
0.00032732732732732733,1.1623201960519078
0.0003283283283283283,0.011478593383993731
0.00032932932932932933,-1.1504279239749569
0.0003303303303303303,0.697909202062126
0.0003313313313313313,0.7011348833829324
0.0003323323323323323,-1.1183979486549191
0.0003333333333333333,4.5835690220331e-15
0.0003343343343343343,1.0993694850453455
0.0003353353353353353,-0.6774778649642832
0.0003363363363363363,-0.662882391419206
0.0003373373373373373,1.0740826449056966
0.00033833833833833834,-0.010534241809836005
0.0003393393393393393,-1.0485067129624077
0.00034034034034034034,0.6562243334747561
0.0003413413413413413,0.6253380267084582
0.00034234234234234234,-1.0293867099219907
0.0003433433433433433,0.02012323648428191
0.00034434434434434433,0.9978525894689328
0.0003453453453453453,-0.6341557969304209
0.00034634634634634633,-0.5885102924435202
0.0003473473473473473,0.9843226280681765
0.00034834834834834833,-0.02876625664002775
0.0003493493493493493,-0.9474200508608038
0.0003503503503503503,0.611279584546986
0.00035135135135135135,0.5524075592978797
0.0003523523523523523,-0.9389029410871479
0.00035335335335335335,0.036462743124437466
0.0003543543543543543,0.8972219860853887
0.00035535535535535535,-0.5876031642885765
0.0003563563563563563,-0.5170380642275721
0.00035735735735735734,0.8931402462245698
0.0003583583583583583,-0.04321230504701774
0.00035935935935935934,-0.8472712348469584
0.0003603603603603603,0.5631341417199108
0.00036136136136136134,0.4824099092905764
0.00036236236236236236,-0.8470471943464166
0.00036336336336336333,0.04901471978832537
0.00036436436436436436,0.7975805857186204
0.00036536536536536533,-0.5378802588402337
0.00036636636636636636,-0.4485310604853181
0.00036736736736736733,0.8006364880494786
0.00036836836836836835,-0.0538699329854861
0.0003693693693693693,-0.7481627742616217
0.00037037037037037035,0.5118493928985278
0.0003713713713713713,0.4154093466066857
0.00037237237237237235,-0.7539208797654363
0.0003733733733733734,0.057778058496340094
0.00037437437437437435,0.6990304811518206
0.00037537537537537537,-0.4850495551916908
0.00037637637637637634,-0.383052458120605
0.00037737737737737737,0.7069131698583381
0.00037837837837837834,-0.06073937834052238
0.00037937937937937937,-0.650196330314112
0.00038038038038038034,0.4574888898445267
0.00038138138138138136,0.35146794605793097
0.00038238238238238234,-0.6596262047161858
0.00038338338338338336,0.06275434261863225
0.00038438438438438433,0.6016728870643764
0.00038538538538538536,-0.42917567257257583
0.0003863863863863864,-0.32066322092630845
0.00038738738738738736,0.6120728748366074
0.0003883883883883884,-0.0638235694081501
0.00038938938938938935,-0.5534726562595169
0.0003903903903903904,0.4001183094269289
0.00039139139139139135,0.2906455516413898
0.0003923923923923924,-0.5642661129067365
0.00039339339339339335,0.06394784463773041
0.00039439439439439437,0.5056080804560792
0.00039539539539539534,-0.3703253355223845
0.00039639639639639637,-0.26142206447669886
0.0003973973973973974,0.5162188918778741
0.00039839839839839837,-0.0631281219390056
0.0003993993993993994,-0.45809153807708036
0.00040040040040040036,0.34529167673529465
0.0004014014014014014,0.24643742025556561
0.00040240240240240236,-0.5151814947608045
0.0004034034034034034,0.07032976636015233
0.00040440440440440436,0.4903257039581991
0.0004054054054054054,-0.3833715355145724
0.00040640640640640636,-0.26575128685518395
0.0004074074074074074,0.5653525989514478
0.0004084084084084084,-0.08237999717536915
0.0004094094094094094,-0.5329816402620401
0.0004104104104104104,0.4220990531828345
0.0004114114114114114,0.2842085256661402
0.0004124124124124124,-0.615637369599376
0.0004134134134134134,0.09535780742650689
0.0004144144144144144,0.5751729626819365
0.00041541541541541537,-0.4614645879678073
0.0004164164164164164,-0.3018033335997975
0.00041741741741741737,0.6660225501443434
0.0004184184184184184,-0.10926074388664501
0.0004194194194194194,-0.6168879419653728
0.0004204204204204204,0.5014583811818797
0.0004214214214214214,0.31853005883514063
0.0004224224224224224,-0.7164948612755708
0.0004234234234234234,0.12408618789395831
0.0004244244244244244,0.6581149290961493
0.0004254254254254254,-0.5420705586470767
0.0004264264264264264,-0.3343832016855931
0.0004274274274274274,0.7670410028963477
0.0004284284284284284,-0.13983135570790511
0.0004294294294294294,-0.6988423570373923
0.0004304304304304304,0.5832911321360538
0.0004314314314314314,0.3493574154451909
0.00043243243243243243,-0.8176476560917764
0.0004334334334334334,0.15649329888759103
0.0004344344344344344,0.7390587424642064
0.0004354354354354354,-0.6251100008285644
0.0004364364364364364,-0.3634475072152039
0.0004374374374374374,0.8683014850992006
0.0004384384384384384,-0.17406890469137545
0.0004394394394394394,-0.7787526874850705
0.0004404404404404404,0.6675169527825705
0.0004414414414414414,0.3766484387096898
0.0004424424424424424,-0.918989139281234
0.00044344344344344344,0.1925548964993066
0.0004444444444444444,0.8179128813520027
0.00044544544544544544,-0.7105016664210165
0.0004464464464464464,-0.3889553270404278
0.00044744744744744743,0.9696972551009319
0.0004484484484484484,-0.21194783425696523
0.00044944944944944943,-0.8565281021598058
0.0004504504504504504,0.7540537120330737
0.00045145145145145143,0.40036344548208763
0.0004524524524524524,-1.0204124580991119
0.0004534534534534534,0.23224411494181138
0.00045445445445445445,0.8945872185332452
0.0004554554554554554,-0.7981625532904997
0.00045645645645645645,-0.4108682242157677
0.0004574574574574574,1.0711213648734421
0.00045845845845845845,-0.2534399730502854
0.0004594594594594594,-0.9320791913027316
0.00046046046046046044,0.8428175487777283
0.0004614614614614614,0.42046525105229315
0.00046246246246246244,-1.1218105850589752
0.0004634634634634634,0.2755314811076106
0.00046446446446446444,0.96899307516763
0.0004654654654654654,-0.8880079535369192
0.00046646646646646644,-0.4291502721339386
0.00046746746746746746,1.172466723310073
0.00046846846846846843,-0.2985145501993993
0.00046946946946946946,-1.0053180203479783
0.00047047047047047043,0.9337229206271557
0.00047147147147147146,0.4369191926163086
0.0004724724724724724,-1.223076381283321
0.00047347347347347345,0.32238493052377126
0.0004744744744744744,1.0410432742232443
0.00047547547547547545,-0.9799515026968043
0.0004764764764764764,-0.4437680773281329
0.00047747747747747745,1.2736261596212792
0.00047847847847847847,-0.3471382119662726
0.00047947947947947944,-1.0761581829583686
0.00048048048048048047,1.026682653570411
0.00048148148148148144,0.4496931514097933
0.00048248248248248247,-1.324102659936708
0.00048348348348348344,0.37276982469554865
0.00048448448448448446,1.1106521931176792
0.00048548548548548544,-1.0739052298486225
0.00048648648648648646,-0.4546908009318107
0.00048748748748748743,1.3744924867971717
0.0004884884884884884,-0.39927503978114914
0.0004894894894894895,-1.1445148532650105
0.0004904904904904905,1.121607992521978
0.0004914914914914914,0.4587575734908472
0.0004924924924924925,-1.4247822497096774
0.0004934934934934935,0.4266489698321619
0.0004944944944944945,1.1777358155510602
0.0004954954954954954,-1.169779608596798
0.0004964964964964965,-0.46189017878403754
0.0004974974974974975,1.4749585651050694
0.0004984984984984984,-0.4548865696561381
0.0004994994994994994,-1.2103048372868543
0.0005005005005005005,1.2103048372866654
0.0005015015015015015,0.45488656965644303
0.0005025025025025024,-1.4749585651050716
0.0005035035035035035,0.4618901787840539
0.0005045045045045045,1.1697796085969852
0.0005055055055055055,-1.1777358155508801
0.0005065065065065064,-0.42664896983245765
0.0005075075075075075,1.4247822497096763
0.0005085085085085085,-0.4587575734905588
0.0005095095095095095,-1.1216079925221605
0.0005105105105105104,1.144514853264839
0.0005115115115115115,0.39927503978143525
0.0005125125125125125,-1.3744924867971793
0.0005135135135135135,0.45469080093153363
0.0005145145145145145,1.073905229848707
0.0005155155155155155,-1.1106521931176014
0.0005165165165165165,-0.37276982469582515
0.0005175175175175174,1.3241026599367178
0.0005185185185185185,-0.4496931514096674
0.0005195195195195195,-1.0266826535704936
0.0005205205205205205,1.0761581829582145
0.0005215215215215214,0.3471382119665393
0.0005225225225225225,-1.2736261596212841
0.0005235235235235235,0.4437680773278778
0.0005245245245245245,0.9799515026969738
0.0005255255255255255,-1.0410432742231748
0.0005265265265265265,-0.3223849305238929
0.0005275275275275275,1.2230763812833356
0.0005285285285285285,-0.4369191926160643
0.0005295295295295295,-0.9337229206272333
0.0005305305305305305,1.0053180203479126
0.0005315315315315315,0.29851455019964657
0.0005325325325325325,-1.1724667233100896
0.0005335335335335335,0.4291502721338285
0.0005345345345345345,0.8880079535370792
0.0005355355355355355,-0.9689930751674987
0.0005365365365365366,-0.2755314811077228
0.0005375375375375375,1.1218105850589832
0.0005385385385385385,-0.4204652510520709
0.0005395395395395395,-0.8428175487778831
0.0005405405405405405,0.9320791913026736
0.0005415415415415415,0.25343997305039273
0.0005425425425425425,-1.0711213648734614
0.0005435435435435435,0.4108682242155562
0.0005445445445445445,0.7981625532906484
0.0005455455455455455,-0.8945872185331902
0.0005465465465465465,-0.2322441149421436
0.0005475475475475476,1.0204124580991216
0.0005485485485485485,-0.4003634454818864
0.0005495495495495495,-0.7540537120332172
0.0005505505505505505,0.8565281021596398
0.0005515515515515516,0.21194783425706318
0.0005525525525525525,-0.9696972551009532
0.0005535535535535535,0.38895532704023794
0.0005545545545545545,0.7105016664212264
0.0005555555555555556,-0.8179128813519546
0.0005565565565565565,-0.19255489649950375
0.0005575575575575575,0.9189891392812561
0.0005585585585585585,-0.37664843870951065
0.0005595595595595595,-0.6675169527826331
0.0005605605605605605,0.7787526874849268
0.0005615615615615615,0.1740689046915624
0.0005625625625625626,-0.8683014850992228
0.0005635635635635635,0.36344750721512403
0.0005645645645645645,0.6251100008287567
0.0005655655655655655,-0.7390587424641194
0.0005665665665665666,-0.1564932988877678
0.0005675675675675675,0.8176476560917864
0.0005685685685685685,-0.3493574154449487
0.0005695695695695695,-0.5832911321362371
0.0005705705705705706,0.6988423570373108
0.0005715715715715715,0.1398313557080716
0.0005725725725725725,-0.7670410028963834
0.0005735735735735736,0.3343832016855234
0.0005745745745745746,0.5420705586471893
0.0005755755755755755,-0.6581149290960748
0.0005765765765765765,-0.12408618789403214
0.0005775775775775776,0.7164948612755815
0.0005785785785785786,-0.318530058835003
0.0005795795795795795,-0.501458381181987
0.0005805805805805805,0.6168879419653404
0.0005815815815815816,0.10926074388671374
0.0005825825825825825,-0.6660225501443785
0.0005835835835835835,0.30180333359967015
0.0005845845845845846,0.4614645879679073
0.0005855855855855856,-0.5751729626819075
0.0005865865865865865,-0.09535780742671347
0.0005875875875875875,0.6156373695993981
0.0005885885885885886,-0.28420852566602284
0.0005895895895895896,-0.4220990531828786
0.0005905905905905905,0.5329816402619543
0.0005915915915915915,0.08237999717549398
0.0005925925925925926,-0.56535259895147
0.0005935935935935936,0.2657512868550772
0.0005945945945945945,0.38337153551461317
0.0005955955955955956,-0.49032570395817504
0.0005965965965965966,-0.07032976636026646
0.0005975975975975976,0.5151814947608259
0.0005985985985985985,-0.24643742025552018
0.0005995995995995996,-0.34529167673533245
0.0006006006006006006,0.4580915380770344
0.0006016016016016015,0.06312812193911593
0.0006026026026026025,-0.5162188918778838
0.0006036036036036036,0.2614220644766511
0.0006046046046046046,0.37032533552251623
0.0006056056056056055,-0.5056080804560283
0.0006066066066066066,-0.06394784463785162
0.0006076076076076076,0.5642661129067488
0.0006086086086086086,-0.29064555164133765
0.0006096096096096095,-0.4001183094270237
0.0006106106106106106,0.5534726562594635
0.0006116116116116116,0.06382356940821247
0.0006126126126126126,-0.6120728748366199
0.0006136136136136135,0.32066322092619004
0.0006146146146146146,0.42917567257268
0.0006156156156156156,-0.6016728870643195
0.0006166166166166166,-0.06275434261869978
0.0006176176176176176,0.6596262047162009
0.0006186186186186186,-0.35146794605780357
0.0006196196196196196,-0.45748888984463915
0.0006206206206206205,0.650196330314084
0.0006216216216216216,0.0607393783405951
0.0006226226226226226,-0.706913169858374
0.0006236236236236236,0.3830524581204692
0.0006246246246246245,0.4850495551917479
0.0006256256256256256,-0.6990304811517908
0.0006266266266266266,-0.05777805849633113
0.0006276276276276276,0.7539208797654762
0.0006286286286286285,-0.41540934660654116
0.0006296296296296296,-0.51184939289859
0.0006306306306306306,0.7481627742615906
0.0006316316316316316,0.05386993298566163
0.0006326326326326326,-0.8006364880495221
0.0006336336336336336,0.44853106048524655
0.0006346346346346346,0.5378802588403
0.0006356356356356356,-0.7975805857185527
0.0006366366366366366,-0.04901471978851185
0.0006376376376376376,0.847047194346439
0.0006386386386386386,-0.4824099092905
0.0006396396396396395,-0.5631341417201401
0.0006406406406406406,0.8472712348468895
0.0006416416416416416,0.043212305047215065
0.0006426426426426426,-0.8931402462245943
0.0006436436436436436,0.5170380642274927
0.0006446446446446446,0.5876031642885675
0.0006456456456456456,-0.8972219860853162
0.0006466466466466466,-0.036462743124535874
0.0006476476476476476,0.9389029410871752
0.0006486486486486486,-0.5524075592978893
0.0006496496496496496,-0.6112795845471554
0.0006506506506506506,0.9474200508607294
0.0006516516516516516,0.02876625664013128
0.0006526526526526526,-0.9843226280682051
0.0006536536536536536,0.5885102924433362
0.0006546546546546547,0.6341557969306003
0.0006556556556556556,-0.9978525894688973
0.0006566566566566566,-0.02012323648439056
0.0006576576576576576,1.0293867099220575
0.0006586586586586587,-0.6253380267084684
0.0006596596596596596,-0.6562243334748458
0.0006606606606606606,1.048506712962371
0.0006616616616616616,0.010534241810076719
0.0006626626626626626,-1.0740826449056926
0.0006636636636636636,0.6628823914190065
0.0006646646646646646,0.6774778649643768
0.0006656656656656657,-1.0993694850453084
0.0006666666666666666,9.167138044066205e-15
0.0006676676676676676,1.1183979486549973
0.0006686686686686686,-0.7011348833828344
0.0006696696696696697,-0.697909202062225
0.0006706706706706706,1.1504279239749609
0.0006716716716716716,-0.011478593383731419
0.0006726726726726726,-1.1623201960519924
0.0006736736736736737,0.7400868681040093
0.0006746746746746746,0.7175112964213542
0.0006756756756756756,-1.201669004469521
0.0006766766766766767,0.023900474679509603
0.0006776776776776777,1.2058370230863782
0.0006786786786786786,-0.7797295810177516
0.0006796796796796796,-0.7362772417777182
0.0006806806806806807,1.253079659622671
0.0006816816816816817,-0.03726441222039368
0.0006826826826826826,-1.2489361287080982
0.0006836836836836836,0.8200541287416016
0.0006846846846846847,0.7542002750231281
0.0006856856856856856,-1.304646782822746
0.0006866866866866866,0.05156900645911404
0.0006876876876876877,1.291605276672371
0.0006886886886886887,-0.8610514903456655
0.0006896896896896896,-0.7712737772631708
0.0006906906906906906,1.3563572296797342
0.0006916916916916917,-0.0668126901082017
0.0006926926926926927,-1.3338322973764083
0.0006936936936936936,0.9027125186363167
0.0006946946946946946,0.7874912748499667
0.0006956956956956957,-1.4081978199556522
0.0006966966966966967,0.08299372830710085
0.0006976976976976976,1.375605089687816
0.0006986986986986986,-0.9450279414631108
0.0006996996996996997,-0.802846440402046
0.0007007007007007007,1.4465770102069027
0.0007017017017017016,-0.0978642620695623
0.0007027027027027027,-1.3667554591259143
0.0007037037037037037,0.940374466022754
0.0007047047047047046,0.7676214724374291
0.0007057057057057056,-1.4013887146122725
0.0007067067067067067,0.10804610155129345
0.0007077077077077077,1.3152506008700964
0.0007087087087087086,-0.9183735038940091
0.0007097097097097096,-0.7299089327752891
0.0007107107107107107,1.3558506903623413
0.0007117117117117117,-0.11727666132400201
0.0007127127127127126,-1.263989039016083
0.0007137137137137137,0.8955731466906189
0.0007147147147147147,0.6929378980266819
0.0007157157157157157,-1.3099756530373672
0.0007167167167167166,0.12555583350354918
0.0007177177177177177,1.2129835549284083
0.0007187187187187187,-0.871981246442967
0.0007197197197197197,-0.6567162581207716
0.0007207207207207206,1.2637763674683613
0.0007217217217217217,-0.1328836786295014
0.0007227227227227227,-1.1622468743748549
0.0007237237237237236,0.8476057889873159
0.0007247247247247247,0.6212517640975648
0.0007257257257257257,-1.2172656458274498
0.0007267267267267267,0.1392604255903938
0.0007277277277277276,1.1117916656654616
0.0007287287287287287,-0.8224548927322197
0.0007297297297297297,-0.5865520270192631
0.0007307307307307307,1.170456345713557
0.0007317317317317316,-0.14468647152434502
0.0007327327327327327,-1.0616305377988104
0.0007337337337337337,0.7965368074041673
0.0007347347347347347,0.5526245168925824
0.0007357357357357357,-1.1233613682320132
0.0007367367367367367,0.14916238169918417
0.0007377377377377377,1.0117760386184917
0.0007387387387387387,-0.7698599127812076
0.0007397397397397397,-0.5194765616166513
0.0007407407407407407,1.075993656068886
0.0007417417417417417,-0.15268888936593328
0.0007427427427427426,-0.9622406529752443
0.0007437437437437437,0.7424327174043558
0.0007447447447447447,0.48711534594611955
0.0007457457457457457,-1.0283661915601061
0.0007467467467467467,0.15526689559671336
0.0007477477477477477,0.9130368009007473
0.0007487487487487487,-0.714263857275347
0.0007497497497497497,-0.4555479104752523
0.0007507507507507507,0.9804919947559457
0.0007517517517517517,-0.15689746909242028
0.0007527527527527527,-0.8641768357885994
0.0007537537537537537,0.6853620945362782
0.0007547547547547547,0.4247811506399915
0.0007557557557557557,-0.9323841214802205
0.0007567567567567567,0.15758184597566233
0.0007577577577577578,0.8156730425852063
0.0007587587587587587,-0.6557363161337916
0.0007597597597597597,-0.39482181574280334
0.0007607607607607607,0.8840556613860171
0.0007617617617617618,-0.15732142955522793
0.0007627627627627627,-0.767537635990027
0.0007637637637637637,0.6253955324644168
0.0007647647647647647,0.36567650799219287
0.0007657657657657658,-0.8355197360063383
0.0007667667667667667,0.15611779007202722
0.0007677677677677677,0.7197827586655854
0.0007687687687687687,-0.5943488760074153
0.0007697697697697697,-0.3373516815669428
0.0007707707707707707,0.7867894968013953
0.0007717717717717717,-0.15397266442123209
0.0007727727727727728,-0.6724204794568461
0.0007737737737737737,0.5626055999378823
0.0007747747747747747,0.30985364169713153
0.0007757757757757757,-0.7378781232019701
0.0007767767767767768,0.15088795585350345
0.0007777777777777777,0.6254627916221595
0.0007787787787787787,-0.5301750767262754
0.0007797797797797797,-0.2831885437664751
0.0007807807807807808,0.6887988206495068
0.0007817817817817817,-0.1468657336512964
0.0007827827827827827,-0.5789216110723178
0.0007837837837837838,0.4970667967213558
0.0007847847847847848,0.2573623924337223
0.0007857857857857857,-0.6395648186327055
0.0007867867867867867,0.14190823278730935
0.0007877877877877878,0.5328087746223752
0.0007887887887887887,-0.4632903667177435
0.0007897897897897897,-0.23238104077660243
0.0007907907907907907,0.5901893687215987
0.0007917917917917918,-0.13601785355668997
0.0007927927927927927,-0.48713603825286705
0.0007937937937937937,0.42885550850802495
0.0007947947947947948,0.2082501894524228
0.0007957957957957958,-0.5406857425985144
0.0007967967967967967,0.1291971611898524
0.0007977977977977977,0.4419150753825888
0.0007987987987987988,-0.39377205742018073
0.0007997997997997998,-0.18497538588330892
0.0008008008008008007,0.5070531419513058
0.0008018018018018017,-0.13052917594259086
0.0008028028028028028,-0.4443278221479321
0.0008038038038038038,0.4170137680407576
0.0008048048048048047,0.1971267061866477
0.0008058058058058058,-0.557306973899021
0.0008068068068068068,0.14832059024908217
0.0008078078078078077,0.4834760682460525
0.0008088088088088087,-0.4592911909328449
0.0008098098098098098,-0.20985471009383183
0.0008108108108108108,0.6075601821514939
0.0008118118118118117,-0.1670103980436327
0.0008128128128128127,-0.522063594747913
0.0008138138138138138,0.502117523322655
0.0008148148148148148,0.2216797225259519
0.0008158158158158157,-0.6577993947173236
0.0008168168168168168,0.1865945691671386
0.0008178178178178178,0.5600795391420054
0.0008188188188188188,-0.5454819693542151
0.0008198198198198197,-0.23259760443721178
0.0008208208208208208,0.7080112372835834
0.0008218218218218218,-0.20706891293312488
0.0008228228228228228,-0.597513136526988
0.0008238238238238237,0.5893736334056422
0.0008248248248248248,0.24260437650109007
0.0008258258258258258,-0.7581823351985084
0.0008268268268268267,0.22842907872066176
0.0008278278278278278,0.6343537212268422
0.0008288288288288288,-0.6337815216856266
0.0008298298298298298,-0.2516962197338689
0.0008308308308308307,0.8082993154545928
0.0008318318318318318,-0.25067055658503384
0.0008328328328328328,-0.6705907283928938
0.0008338338338338338,0.678694543841592
0.0008348348348348347,0.2598694760930006
0.0008358358358358358,-0.8583488086715966
0.0008368368368368368,0.2737886778920632
0.0008378378378378378,0.7062136955927236
0.0008388388388388388,-0.7241015145836464
0.0008398398398398398,-0.2671206490579879
0.0008408408408408408,0.9083174510794049
0.0008418418418418418,-0.2977786159726302
0.0008428428428428428,-0.7412122643849027
0.0008438438438438438,0.7699911553181122
0.0008448448448448448,0.27344640418724087
0.0008458458458458457,-0.9581918865004039
0.0008468468468468468,0.32263538679971027
0.0008478478478478478,0.7755761818820028
0.0008488488488488488,-0.8163520957972077
0.0008498498498498497,-0.2788435696545715
0.0008508508508508508,1.0079587683311204
0.0008518518518518518,-0.3483538496833313
0.0008528528528528528,-0.8092953022967179
0.0008538538538538538,0.8631728757782372
0.0008548548548548548,0.2833091367626002
0.0008558558558558558,-1.0576047615229838
0.0008568568568568568,0.3749287079915873
0.0008578578578578578,0.842359588477053
0.0008588588588588588,-0.9104419466969209
0.0008598598598598598,-0.28684026043799304
0.0008608608608608608,1.1071165445617488
0.0008618618618618618,-0.4023545098874797
0.0008628628628628628,-0.8747591134252599
0.0008638638638638638,0.9581476733519785
0.0008648648648648649,0.2894342596991464
0.0008658658658658658,-1.1564808114456133
0.0008668668668668668,0.43062564908990597
0.0008678678678678678,0.9064840618032972
0.0008688688688688689,-1.0062783356025267
0.0008698698698698698,-0.2910886181092129
0.0008708708708708708,1.2056842736615332
0.0008718718718718718,-0.4597363656538975
0.0008728728728728728,-0.9375247314225172
0.0008738738738738738,1.0548221300748963
0.0008748748748748748,0.29180098419982387
0.0008758758758758759,-1.2547136621596429
0.0008768768768768768,0.4896807467732616
0.0008778778778778778,0.9678715347213097
0.0008788788788788788,-1.1037671718844324
0.0008798798798798799,-0.29156917187931997
0.0008808808808808808,1.3035557293254654
0.0008818818818818818,-0.5204527275996551
0.0008828828828828828,-0.9975150002234103
0.0008838838838838839,1.15310149636497
0.0008848848848848848,0.290391160814982
0.0008858858858858858,-1.3521972509497249
0.0008868868868868869,0.5520460920889122
0.0008878878878878879,1.0264457739854596
0.0008888888888888888,-1.2028130608116216
0.0008898898898898898,-0.28826509679506873
0.0008908908908908909,1.400625028195291
0.0008918918918918918,-0.5844544738594429
0.0008928928928928928,-1.054654621026346
0.0008938938938938938,1.2528897462333641
0.0008948948948948949,0.285189292066654
0.0008958958958958958,-1.4488258895616881
0.0008968968968968968,0.6176713570794072
0.0008978978978978979,1.0821324267421049
0.0008988988988988989,-1.3033193591173065
0.0008998998998998998,-0.2811622256563489
0.0009009009009009008,1.4789146129310677
0.0009019019019019019,-0.6353709848198277
0.0009029029029029029,-1.0667657979764826
0.0009039039039039038,1.285394354248135
0.0009049049049049048,0.25869246981362165
0.0009059059059059059,-1.4274796686093405
0.0009069069069069069,0.6260652086566442
0.0009079079079079078,1.021193308559745
0.0009089089089089089,-1.2476301177686273
0.0009099099099099099,-0.23675340144213905
0.0009109109109109108,1.3760464543779363
0.0009119119119119118,-0.6158545426247931
0.0009129129129129129,-0.9761865714692977
0.0009139139139139139,1.2093138530668102
0.0009149149149149148,0.21572402907859614
0.0009159159159159158,-1.324628368104544
0.0009169169169169169,0.6047438312296212
0.0009179179179179179,0.9317559660653726
0.0009189189189189188,-1.170456868114866
0.0009199199199199198,-0.19560768863631184
0.0009209209209209209,1.2732387940632053
0.0009219219219219219,-0.5927380743106765
0.0009229229229229228,-0.8879117614179366
0.0009239239239239239,1.1310705575568147
0.0009249249249249249,0.17640755179210726
0.0009259259259259259,-1.2218911009596525
0.0009269269269269268,0.5798424262435672
0.0009279279279279279,0.8446641148331062
0.0009289289289289289,-1.0911664009887432
0.0009299299299299298,-0.15812662558427246
0.0009309309309309308,1.1705986399580033
0.0009319319319319319,-0.5660621951145612
0.0009329329329329329,-0.8020230703912978
0.0009339339339339338,1.0507559612270905
0.0009349349349349349,0.1407677520251107
0.0009359359359359359,-1.1193747427114402
0.0009369369369369369,0.5514028418792147
0.0009379379379379378,0.7599985575023039
0.0009389389389389389,-1.009850882567047
0.0009399399399399399,-0.12433360774427196
0.0009409409409409409,1.068232719395164
0.0009419419419419418,-0.5358699794989563
0.0009429429429429429,-0.7186003894746374
0.0009439439439439439,0.968462889028692
0.0009449449449449449,0.10882670364579962
0.0009459459459459459,-1.0171858567428973
0.0009469469469469469,0.5194693720591336
0.0009479479479479479,0.6778382621036428
0.0009489489489489488,-0.9266037825955786
0.0009499499499499499,-0.09424938459423474
0.0009509509509509509,0.9662474160868942
0.0009519519519519519,-0.5022069338636844
0.0009529529529529528,-0.637721752270934
0.0009539539539539539,0.8842854414405882
0.0009549549549549549,0.08060382911875523
0.0009559559559559559,-0.9154306314017365
0.0009569569569569569,0.4840887285153568
0.0009579579579579579,0.5982603165645474
0.0009589589589589589,-0.8415198181436473
0.0009599599599599599,-0.06789204914132149
0.0009609609609609609,0.8647487073518662
0.0009619619619619619,-0.4651209679699411
0.0009629629629629629,-0.5594632899124857
0.0009639639639639639,0.7983189378991321
0.0009649649649649649,0.05611588972561402
0.0009659659659659659,-0.814214817344147
0.0009669669669669669,0.4453100115768378
0.000967967967967968,0.5213398842338075
0.0009689689689689689,-0.7546948967144342
0.0009699699699699699,-0.04527702885152067
0.0009709709709709709,0.7638421015837052
0.000971971971971972,-0.4246623650952926
0.0009729729729729729,-0.4838991871061811
0.0009739739739739739,0.710659859598218
0.0009749749749749749,0.03537697720695032
0.000975975975975976,-0.7136436651357188
0.0009769769769769768,0.40318467969402944
0.000977977977977978,0.4471501604502199
0.000978978978978979,-0.6662260587415596
0.00097997997997998,-0.026417078006925963
0.000980980980980981,0.663632575991417
0.0009819819819819819,-0.3808837509312316
0.0009829829829829829,-0.4111016392309182
0.0009839839839839838,0.6214057916882918
0.000984984984984985,0.018398506831794816
0.000985985985985986,-0.6138218631395789
0.000986986986986987,0.3577665177142865
0.000987987987987988,0.37576233017557464
0.000988988988988989,-0.5762114194990717
0.0009899899899899899,-0.01132227149001191
0.0009909909909909908,0.5642245146434917
0.000991991991991992,-0.3338400612413641
0.000992992992992993,-0.34114081051014666
0.000993993993993994,0.530655364904953
0.000994994994994995,0.005189211900103088
0.000995995995995996,-0.514853475723397
0.0009969969969969969,0.3091116039245364
0.0009979979979979979,0.30724552671248967
0.0009989989989989988,-0.484750110454803
0.001,-5.09502586896226e-14
